{
  "minecraft:cold_ocean": {
    "enable_seasonal_effects": false,
    "use_tropical_seasons": false
  },
  "minecraft:mushroom_fields": {
    "enable_seasonal_effects": false,
    "use_tropical_seasons": false
  },
  "biomesoplenty:mystic_grove": {
    "enable_seasonal_effects": false,
    "use_tropical_seasons": false
  },
  "minecraft:deep_ocean": {
    "enable_seasonal_effects": false,
    "use_tropical_seasons": false
  },
  "minecraft:lukewarm_ocean": {
    "enable_seasonal_effects": false,
    "use_tropical_seasons": false
  },
  "minecraft:river": {
    "enable_seasonal_effects": false,
    "use_tropical_seasons": false
  },
  "biomesoplenty:origin_hills": {
    "enable_seasonal_effects": false,
    "use_tropical_seasons": false
  },
  "minecraft:deep_cold_ocean": {
    "enable_seasonal_effects": false,
    "use_tropical_seasons": false
  },
  "minecraft:frozen_ocean": {
    "enable_seasonal_effects": false,
    "use_tropical_seasons": false
  },
  "minecraft:deep_frozen_ocean": {
    "enable_seasonal_effects": false,
    "use_tropical_seasons": false
  },
  "minecraft:the_void": {
    "enable_seasonal_effects": false,
    "use_tropical_seasons": false
  },
  "biomesoplenty:origin_beach": {
    "enable_seasonal_effects": false,
    "use_tropical_seasons": false
  },
  "minecraft:ocean": {
    "enable_seasonal_effects": false,
    "use_tropical_seasons": false
  },
  "minecraft:mushroom_fields_shore": {
    "enable_seasonal_effects": false,
    "use_tropical_seasons": false
  },
  "minecraft:deep_warm_ocean": {
    "enable_seasonal_effects": false,
    "use_tropical_seasons": true
  },
  "biomesoplenty:rainbow_valley": {
    "enable_seasonal_effects": false,
    "use_tropical_seasons": false
  },
  "minecraft:warm_ocean": {
    "enable_seasonal_effects": false,
    "use_tropical_seasons": true
  },
  "minecraft:deep_lukewarm_ocean": {
    "enable_seasonal_effects": false,
    "use_tropical_seasons": false
  }
}